{"accuracy": [0.5256249904632568, 0.710156261920929, 0.8535416722297668, 0.8824478983879089, 0.8969270586967468, 0.9052083492279053, 0.9139583110809326, 0.917187511920929, 0.9237499833106995, 0.9276041388511658, 0.9326562285423279, 0.9350520968437195, 0.9386979341506958, 0.9409895539283752, 0.9466666579246521, 0.9435416460037231, 0.9460416436195374, 0.9472395777702332, 0.9473958611488342, 0.949791669845581, 0.9493749737739563, 0.9527083039283752, 0.9548437595367432], "loss": [3.8531718254089355, 2.9272842407226562, 2.233539342880249, 1.7789565324783325, 1.416825771331787, 1.1426665782928467, 0.9302200078964233, 0.7744778394699097, 0.6613456010818481, 0.5765677690505981, 0.5050198435783386, 0.4562871754169464, 0.41510918736457825, 0.3817918002605438, 0.354257732629776, 0.33943066000938416, 0.3202100992202759, 0.3086191415786743, 0.2993716597557068, 0.2862776815891266, 0.2801634967327118, 0.2716996371746063, 0.2601628005504608], "val_accuracy": [0.8687499761581421, 0.8514583110809326, 0.8489583134651184, 0.8222916722297668, 0.84375, 0.8820833563804626, 0.8985416889190674, 0.8577083349227905, 0.8814583420753479, 0.8993750214576721, 0.9049999713897705, 0.9197916388511658, 0.9016666412353516, 0.9110416769981384, 0.9018750190734863, 0.893541693687439, 0.9129166603088379, 0.9308333396911621, 0.9147916436195374, 0.9158333539962769, 0.918749988079071, 0.9068750143051147, 0.9181249737739563], "val_loss": [2.978278398513794, 2.5114586353302, 2.018256187438965, 1.7343902587890625, 1.3884621858596802, 1.062330722808838, 0.873964250087738, 0.8546102643013, 0.7184608578681946, 0.6160727143287659, 0.5537053942680359, 0.47985848784446716, 0.4985330104827881, 0.46379029750823975, 0.4580800235271454, 0.4868490993976593, 0.414072185754776, 0.34347817301750183, 0.38206055760383606, 0.3792642056941986, 0.3581545054912567, 0.3979176878929138, 0.3558841645717621]}